SalesOrderNumber,SalesOrderLineNumber,OrderDate,CustomerName,EmailAddress,Item,Quantity,UnitPrice,TaxAmount
SO43701,1,7/1/2019,Christy Zhu,christy12@adventure-works.com,"Mountain-100 Silver, 44",1,3399.99,271.9992
SO43704,1,7/1/2019,Julio Ruiz,julio1@adventure-works.com,"Mountain-100 Black, 48",1,3374.99,269.9992
SO43705,1,7/1/2019,Curtis Lu,curtis9@adventure-works.com,"Mountain-100 Silver, 38",1,3399.99,271.9992
SO43700,1,7/1/2019,Ruben Prasad,ruben10@adventure-works.com,"Road-650 Black, 62",1,699.0982,55.9279
SO43703,1,7/1/2019,Albert Alvarez,albert7@adventure-works.com,"Road-150 Red, 62",1,3578.27,286.2616
SO43697,1,7/1/2019,Cole Watson,cole1@adventure-works.com,"Road-150 Red, 62",1,3578.27,286.2616
SO43699,1,7/1/2019,Sydney Wright,sydney61@adventure-works.com,"Mountain-100 Silver, 44",1,3399.99,271.9992
SO43702,1,7/1/2019,Colin Anand,colin45@adventure-works.com,"Road-150 Red, 44",1,3578.27,286.2616
SO43698,1,7/1/2019,Rachael Martinez,rachael16@adventure-works.com,"Mountain-100 Silver, 44",1,3399.99,271.9992
SO43707,1,7/2/2019,Emma Brown,emma3@adventure-works.com,"Road-150 Red, 48",1,3578.27,286.2616
SO43711,1,7/2/2019,Courtney Edwards,courtney1@adventure-works.com,"Road-150 Red, 56",1,3578.27,286.2616
SO43706,1,7/2/2019,Edward Brown,edward26@adventure-works.com,"Road-150 Red, 48",1,3578.27,286.2616
SO43708,1,7/2/2019,Brad Deng,brad2@adventure-works.com,"Road-650 Red, 52",1,699.0982,55.9279
SO43709,1,7/2/2019,Martha Xu,martha12@adventure-works.com,"Road-150 Red, 52",1,3578.27,286.2616
SO43710,1,7/2/2019,Katrina Raji,katrina20@adventure-works.com,"Road-150 Red, 56",1,3578.27,286.2616
SO43712,1,7/2/2019,Abigail Henderson,abigail73@adventure-works.com,"Road-150 Red, 44",1,3578.27,286.2616
SO43720,1,7/3/2019,Melanie Sanchez,melanie47@adventure-works.com,"Road-150 Red, 44",1,3578.27,286.2616
SO43721,1,7/3/2019,Louis Xie,louis20@adventure-works.com,"Road-150 Red, 62",1,3578.27,286.2616
SO43714,1,7/3/2019,Latasha Alonso,latasha8@adventure-works.com,"Road-150 Red, 44",1,3578.27,286.2616
SO43715,1,7/3/2019,Warren Jai,warren42@adventure-works.com,"Road-150 Red, 56",1,3578.27,286.2616
SO43716,1,7/3/2019,Jonathon Gutierrez,jonathon8@adventure-works.com,"Road-150 Red, 44",1,3578.27,286.2616
SO43719,1,7/3/2019,Lucas Hill,lucas45@adventure-works.com,"Road-150 Red, 48",1,3578.27,286.2616
SO43713,1,7/3/2019,Sydney Rogers,sydney3@adventure-works.com,"Road-150 Red, 62",1,3578.27,286.2616
SO43717,1,7/3/2019,Alexandra Watson,alexandra20@adventure-works.com,"Road-650 Black, 62",1,699.0982,55.9279
SO43718,1,7/3/2019,Kevin Gonzalez,kevin46@adventure-works.com,"Road-150 Red, 44",1,3578.27,286.2616
SO43727,1,7/4/2019,Logan Gonzales,logan18@adventure-works.com,"Road-150 Red, 44",1,3578.27,286.2616
SO43724,1,7/4/2019,Misty Raji,misty23@adventure-works.com,"Road-150 Red, 44",1,3578.27,286.2616
SO43722,1,7/4/2019,Albert Blanco,albert15@adventure-works.com,"Road-150 Red, 48",1,3578.27,286.2616
SO43725,1,7/4/2019,Anne Dominguez,anne14@adventure-works.com,"Road-150 Red, 44",1,3578.27,286.2616
SO43723,1,7/4/2019,Bonnie Xu,bonnie10@adventure-works.com,"Road-650 Black, 58",1,699.0982,55.9279
SO43726,1,7/4/2019,Kelvin Huang,kelvin25@adventure-works.com,"Road-650 Black, 58",1,699.0982,55.9279
SO43736,1,7/5/2019,Ruben Torres,ruben35@adventure-works.com,"Mountain-100 Silver, 44",1,3399.99,271.9992
SO43732,1,7/5/2019,Alejandro Beck,alejandro45@adventure-works.com,"Mountain-100 Black, 44",1,3374.99,269.9992
SO43729,1,7/5/2019,Mayra Prasad,mayra9@adventure-works.com,"Mountain-100 Silver, 44",1,3399.99,271.9992
SO43731,1,7/5/2019,Rosa Zheng,rosa19@adventure-works.com,"Road-150 Red, 56",1,3578.27,286.2616
SO43735,1,7/5/2019,Casey Pal,casey13@adventure-works.com,"Road-150 Red, 62",1,3578.27,286.2616
SO43728,1,7/5/2019,Alyssa Garcia,alyssa16@adventure-works.com,"Road-150 Red, 52",1,3578.27,286.2616
SO43734,1,7/5/2019,Richard Brooks,richard81@adventure-works.com,"Road-150 Red, 48",1,3578.27,286.2616
SO43733,1,7/5/2019,Patrick Cook,patrick26@adventure-works.com,"Road-150 Red, 48",1,3578.27,286.2616
SO43730,1,7/5/2019,Garrett Cooper,garrett13@adventure-works.com,"Mountain-100 Silver, 44",1,3399.99,271.9992
SO43741,1,7/6/2019,Jeremiah Martinez,jeremiah8@adventure-works.com,"Road-150 Red, 62",1,3578.27,286.2616
SO43740,1,7/6/2019,Cory Arun,cory5@adventure-works.com,"Road-150 Red, 48",1,3578.27,286.2616
SO43744,1,7/6/2019,Haley Ward,haley13@adventure-works.com,"Road-150 Red, 52",1,3578.27,286.2616
SO43743,1,7/6/2019,Marco Mehta,marco14@adventure-works.com,"Mountain-100 Silver, 48",1,3399.99,271.9992
SO43738,1,7/6/2019,Melody Ramos,melody17@adventure-works.com,"Road-150 Red, 48",1,3578.27,286.2616
SO43737,1,7/6/2019,Lindsey Andersen,lindsey14@adventure-works.com,"Road-150 Red, 44",1,3578.27,286.2616
SO43742,1,7/6/2019,Tamara Lal,tamara20@adventure-works.com,"Road-150 Red, 56",1,3578.27,286.2616
SO43739,1,7/6/2019,Phillip Sai,phillip6@adventure-works.com,"Road-150 Red, 62",1,3578.27,286.2616
SO43752,1,7/7/2019,Luke Adams,luke46@adventure-works.com,"Road-150 Red, 44",1,3578.27,286.2616
SO43750,1,7/7/2019,Stacey Lu,stacey12@adventure-works.com,"Road-150 Red, 44",1,3578.27,286.2616
SO43751,1,7/7/2019,Darrell Raji,darrell9@adventure-works.com,"Road-150 Red, 52",1,3578.27,286.2616
SO43746,1,7/7/2019,Kelvin Liang,kelvin35@adventure-works.com,"Road-150 Red, 48",1,3578.27,286.2616
SO43753,1,7/7/2019,Tabitha Arthur,tabitha5@adventure-works.com,"Road-150 Red, 62",1,3578.27,286.2616
SO43745,1,7/7/2019,Manuel Fernandez,manuel14@adventure-works.com,"Road-150 Red, 44",1,3578.27,286.2616
SO43747,1,7/7/2019,Christian Jackson,christian47@adventure-works.com,"Road-150 Red, 56",1,3578.27,286.2616
SO43748,1,7/7/2019,Alexandria Hughes,alexandria11@adventure-works.com,"Road-150 Red, 52",1,3578.27,286.2616
SO43749,1,7/7/2019,Paige Murphy,paige39@adventure-works.com,"Road-150 Red, 56",1,3578.27,286.2616
SO43756,1,7/8/2019,Cedric Liang,cedric16@adventure-works.com,"Road-650 Black, 58",1,699.0982,55.9279
SO43755,1,7/8/2019,Kayla Long,kayla33@adventure-works.com,"Road-150 Red, 44",1,3578.27,286.2616
SO43754,1,7/8/2019,Morgan Phillips,morgan4@adventure-works.com,"Road-150 Red, 48",1,3578.27,286.2616
SO43758,1,7/8/2019,Jackson Li,jackson28@adventure-works.com,"Road-150 Red, 62",1,3578.27,286.2616
SO43761,1,7/8/2019,Brenda Fernandez,brenda19@adventure-works.com,"Road-150 Red, 62",1,3578.27,286.2616
SO43760,1,7/8/2019,Tiffany Gao,tiffany15@adventure-works.com,"Road-150 Red, 56",1,3578.27,286.2616
SO43757,1,7/8/2019,Shannon Wang,shannon1@adventure-works.com,"Mountain-100 Black, 44",1,3374.99,269.9992
SO43759,1,7/8/2019,Jon Chander,jon12@adventure-works.com,"Road-150 Red, 62",1,3578.27,286.2616
SO43765,1,7/9/2019,Jacquelyn Suarez,jacquelyn20@adventure-works.com,"Mountain-100 Silver, 44",1,3399.99,271.9992
SO43767,1,7/9/2019,Eugene Huang,eugene10@adventure-works.com,"Mountain-100 Black, 44",1,3374.99,269.9992
SO43766,1,7/9/2019,Krystal Holt,krystal6@adventure-works.com,"Road-150 Red, 52",1,3578.27,286.2616
SO43763,1,7/9/2019,Martha Liang,martha16@adventure-works.com,"Road-150 Red, 52",1,3578.27,286.2616
SO43764,1,7/9/2019,Ebony Ashe,ebony31@adventure-works.com,"Road-150 Red, 62",1,3578.27,286.2616
SO43762,1,7/9/2019,Courtney Carter,courtney8@adventure-works.com,"Road-150 Red, 56",1,3578.27,286.2616
SO43770,1,7/10/2019,Warren Ye,warren25@adventure-works.com,"Road-150 Red, 48",1,3578.27,286.2616
SO43779,1,7/10/2019,Warren Zhang,warren17@adventure-works.com,"Road-650 Red, 44",1,699.0982,55.9279
SO43769,1,7/10/2019,Gabrielle Jenkins,gabrielle29@adventure-works.com,"Road-150 Red, 48",1,3578.27,286.2616
SO43768,1,7/10/2019,Evan Bailey,evan17@adventure-works.com,"Road-150 Red, 48",1,3578.27,286.2616
SO43773,1,7/10/2019,Arthur Perez,arthur22@adventure-works.com,"Road-150 Red, 56",1,3578.27,286.2616
SO43772,1,7/10/2019,Damien Huang,damien4@adventure-works.com,"Road-150 Red, 48",1,3578.27,286.2616
SO43777,1,7/10/2019,Troy Sai,troy6@adventure-works.com,"Road-150 Red, 44",1,3578.27,286.2616
SO43774,1,7/10/2019,Roy Raman,roy12@adventure-works.com,"Road-150 Red, 52",1,3578.27,286.2616
SO43778,1,7/10/2019,Clarence Rai,clarence32@adventure-works.com,"Mountain-100 Silver, 42",1,3399.99,271.9992
SO43775,1,7/10/2019,Jessie Zhao,jessie16@adventure-works.com,"Mountain-100 Silver, 48",1,3399.99,271.9992
SO43776,1,7/10/2019,James Flores,james28@adventure-works.com,"Road-150 Red, 56",1,3578.27,286.2616
SO43771,1,7/10/2019,Ashley Washington,ashley40@adventure-works.com,"Road-650 Red, 52",1,699.0982,55.9279
SO43780,1,7/11/2019,Melody Diaz,melody3@adventure-works.com,"Road-150 Red, 44",1,3578.27,286.2616
SO43782,1,7/11/2019,Melvin She,melvin0@adventure-works.com,"Road-150 Red, 48",1,3578.27,286.2616
SO43781,1,7/11/2019,Monique Ramos,monique14@adventure-works.com,"Road-150 Red, 48",1,3578.27,286.2616
SO43783,1,7/11/2019,Cameron Thompson,cameron33@adventure-works.com,"Road-150 Red, 48",1,3578.27,286.2616
SO43792,1,7/12/2019,Andres Lal,andres5@adventure-works.com,"Road-150 Red, 48",1,3578.27,286.2616
SO43791,1,7/12/2019,Dustin Lal,dustin8@adventure-works.com,"Road-150 Red, 56",1,3578.27,286.2616
SO43785,1,7/12/2019,Ivan Raman,ivan8@adventure-works.com,"Road-150 Red, 44",1,3578.27,286.2616
SO43786,1,7/12/2019,Clinton Moreno,clinton3@adventure-works.com,"Road-150 Red, 44",1,3578.27,286.2616
SO43793,1,7/12/2019,Jon Yang,jon24@adventure-works.com,"Mountain-100 Silver, 38",1,3399.99,271.9992
SO43794,1,7/12/2019,Jimmy Moreno,jimmy9@adventure-works.com,"Mountain-100 Silver, 48",1,3399.99,271.9992
SO43788,1,7/12/2019,Latoya Goel,latoya18@adventure-works.com,"Mountain-100 Black, 48",1,3374.99,269.9992
SO43784,1,7/12/2019,Jessica Sanchez,jessica1@adventure-works.com,"Road-150 Red, 62",1,3578.27,286.2616
SO43790,1,7/12/2019,Abigail Perry,abigail75@adventure-works.com,"Mountain-100 Silver, 38",1,3399.99,271.9992
SO43789,1,7/12/2019,Tristan Butler,tristan15@adventure-works.com,"Mountain-100 Black, 48",1,3374.99,269.9992
SO43787,1,7/12/2019,Don Lal,don8@adventure-works.com,"Mountain-100 Silver, 38",1,3399.99,271.9992
SO43795,1,7/13/2019,Maria Henderson,maria28@adventure-works.com,"Road-150 Red, 48",1,3578.27,286.2616
SO43800,1,7/13/2019,Brittany Gonzales,brittany15@adventure-works.com,"Road-150 Red, 44",1,3578.27,286.2616
SO43802,1,7/13/2019,Armando Moreno,armando6@adventure-works.com,"Road-150 Red, 48",1,3578.27,286.2616
SO43801,1,7/13/2019,Blake Butler,blake62@adventure-works.com,"Road-150 Red, 44",1,3578.27,286.2616
SO43798,1,7/13/2019,Tonya She,tonya0@adventure-works.com,"Road-150 Red, 62",1,3578.27,286.2616
SO43799,1,7/13/2019,Danny Gomez,danny1@adventure-works.com,"Road-150 Red, 48",1,3578.27,286.2616
SO43797,1,7/13/2019,Francis Ramos,francis15@adventure-works.com,"Road-150 Red, 48",1,3578.27,286.2616
SO43796,1,7/13/2019,Jaime Gomez,jaime0@adventure-works.com,"Road-650 Black, 52",1,699.0982,55.9279
SO43806,1,7/14/2019,Sandra Huang,sandra12@adventure-works.com,"Road-150 Red, 48",1,3578.27,286.2616
SO43809,1,7/14/2019,Fernando Thompson,fernando14@adventure-works.com,"Road-150 Red, 62",1,3578.27,286.2616
SO43804,1,7/14/2019,Savannah Morris,savannah17@adventure-works.com,"Road-150 Red, 62",1,3578.27,286.2616
SO43808,1,7/14/2019,Allen Garcia,allen13@adventure-works.com,"Road-150 Red, 52",1,3578.27,286.2616
SO43805,1,7/14/2019,Samuel Hernandez,samuel49@adventure-works.com,"Road-650 Red, 48",1,699.0982,55.9279
